{"objects":[{"idx":"NoHasteEffects","type":"Toggle","value":true},{"idx":"NoCutscenes","type":"Toggle","value":true},{"idx":"AntiBanana","type":"Toggle","value":false},{"idx":"LadderSpeedBoost","type":"Toggle","value":true},{"idx":"VineCutterESP","type":"Toggle","value":true},{"idx":"EyestalkESP","type":"Toggle","value":true},{"idx":"AntiDupe","type":"Toggle","value":true},{"idx":"RushESP","type":"Toggle","value":true},{"idx":"BlitzESP","type":"Toggle","value":true},{"idx":"AutoInteract","type":"Toggle","value":false},{"idx":"Thirdperson","type":"Toggle","value":false},{"idx":"GiggleESP","type":"Toggle","value":true},{"idx":"AntiJam","type":"Toggle","value":true},{"idx":"CaveAtmosphere","type":"Toggle","value":true},{"idx":"EnableTracers","type":"Toggle","value":false},{"idx":"AntiEyes","type":"Toggle","value":true},{"idx":"CoinESP","type":"Toggle","value":false},{"idx":"AntiFiredamp","type":"Toggle","value":false},{"idx":"AnchorESP","type":"Toggle","value":true},{"idx":"AutoBreakerSolver","type":"Toggle","value":true},{"idx":"Fly","type":"Toggle","value":false},{"idx":"MinesGeneratorESP","type":"Toggle","value":true},{"idx":"ItemESP","type":"Toggle","value":false},{"idx":"AntiHalt","type":"Toggle","value":true},{"idx":"NoHidingVignette","type":"Toggle","value":true},{"idx":"SnareESP","type":"Toggle","value":true},{"idx":"AntiFLood","type":"Toggle","value":false},{"idx":"SeekESP","type":"Toggle","value":true},{"idx":"MenuVisibility","type":"Toggle","value":true},{"idx":"InfCrucifix","type":"Toggle","value":true},{"idx":"DoorESP","type":"Toggle","value":true},{"idx":"AlwaysJump","type":"Toggle","value":true},{"idx":"ShowKeybinds","type":"Toggle","value":true},{"idx":"AntiSnare","type":"Toggle","value":true},{"idx":"AutoHide","type":"Toggle","value":true},{"idx":"AntiAFK","type":"Toggle","value":true},{"idx":"KeyESP","type":"Toggle","value":true},{"idx":"AntiGiggle","type":"Toggle","value":true},{"idx":"AntiSeekArmsChandelier","type":"Toggle","value":true},{"idx":"InfRevives","type":"Toggle","value":true},{"idx":"Ambience","type":"Toggle","value":true},{"idx":"NoSeek","type":"Toggle","value":true},{"idx":"FigureESP","type":"Toggle","value":true},{"idx":"Noclip","type":"Toggle","value":false},{"idx":"AntiGloomPile","type":"Toggle","value":true},{"idx":"EnableNotifications","type":"Toggle","value":true},{"idx":"AntiJeff","type":"Toggle","value":false},{"idx":"NoHalt","type":"Toggle","value":true},{"idx":"HasteTimer","type":"Toggle","value":false},{"idx":"MandrakeESP","type":"Toggle","value":true},{"idx":"LibraryBookESP","type":"Toggle","value":true},{"idx":"WalkspeedModifier","type":"Toggle","value":true},{"idx":"SeekPathESP","type":"Toggle","value":true},{"idx":"SeekBridgeCover","type":"Toggle","value":true},{"idx":"NoAcceleration","type":"Toggle","value":true},{"idx":"InfItems","type":"Toggle","value":true},{"idx":"AmbushESP","type":"Toggle","value":true},{"idx":"NoSurge","type":"Toggle","value":true},{"idx":"AntiFigure","type":"Toggle","value":true},{"idx":"LeverESP","type":"Toggle","value":true},{"idx":"ClosetESP","type":"Toggle","value":false},{"idx":"AntiLookman","type":"Toggle","value":true},{"idx":"GroundskeeperESP","type":"Toggle","value":true},{"idx":"FuseESP","type":"Toggle","value":true},{"idx":"AnticheatBypass","type":"Toggle","value":true},{"idx":"Sanity","type":"Toggle","value":true},{"idx":"InstantInteract","type":"Toggle","value":true},{"idx":"PositionSpoof","type":"Toggle","value":false},{"idx":"AntiScreech","type":"Toggle","value":true},{"idx":"AntiVacuum","type":"Toggle","value":true},{"idx":"DoorReach","type":"Toggle","value":false},{"idx":"AvoidA90","type":"Toggle","value":true},{"idx":"AntiCheatManipulation","type":"Toggle","value":true},{"idx":"EnableArrows","type":"Toggle","value":false},{"idx":"ChestESP","type":"Toggle","value":true},{"idx":"NoVoidEffect","type":"Toggle","value":true},{"idx":"PositionSpoofKey","type":"KeyPicker","key":"K","mode":"Toggle"},{"idx":"LibraryBookESP_Color","type":"ColorPicker","transparency":0,"value":"00ffff"},{"idx":"AmbushESP_Color","type":"ColorPicker","transparency":0,"value":"ffffff"},{"idx":"ThirdpersonOffset","type":"Slider","value":"0"},{"idx":"CoinESP_Color","type":"ColorPicker","transparency":0,"value":"ffffff"},{"idx":"GodmodeMode","type":"Dropdown","mutli":false,"value":"Toggle"},{"idx":"ESPType","type":"Dropdown","mutli":false,"value":"Highlight"},{"idx":"LadderSpeedBoostAmount","type":"Slider","value":"20"},{"idx":"SoundPreset","type":"Dropdown","mutli":false,"value":"None"},{"idx":"NotificationSoundId","type":"Input","text":"0"},{"idx":"NotifyDuration","type":"Slider","value":"3"},{"idx":"BlitzESP_Color","type":"ColorPicker","transparency":0,"value":"ffffff"},{"idx":"GroundskeeperESP_Color","type":"ColorPicker","transparency":0,"value":"ffffff"},{"idx":"ItemESP_Color","type":"ColorPicker","transparency":0,"value":"ffff00"},{"idx":"KeyESP_Color","type":"ColorPicker","transparency":0,"value":"ffffff"},{"idx":"MandrakeESP_Color","type":"ColorPicker","transparency":0,"value":"ffffff"},{"idx":"RushESP_Color","type":"ColorPicker","transparency":0,"value":"ffffff"},{"idx":"ThirdpersonOffsetUp","type":"Slider","value":"0"},{"idx":"FlyKeybind","type":"KeyPicker","key":"F","mode":"Toggle"},{"idx":"LeverESP_Color","type":"ColorPicker","transparency":0,"value":"ffa500"},{"idx":"MinesGeneratorESP_Color","type":"ColorPicker","transparency":0,"value":"00ffff"},{"idx":"SnareESP_Color","type":"ColorPicker","transparency":0,"value":"ffffff"},{"idx":"ThirdpersonDistance","type":"Slider","value":"19"},{"idx":"AntiCheatManipulation_K","type":"KeyPicker","key":"T","mode":"Hold"},{"idx":"VineCutterESP_Color","type":"ColorPicker","transparency":0,"value":"00ff00"},{"idx":"AutoInteractDistance","type":"Slider","value":"10"},{"idx":"SeekESP_Color","type":"ColorPicker","transparency":0,"value":"ff0000"},{"idx":"DoorESP_Color","type":"ColorPicker","transparency":0,"value":"ffffff"},{"idx":"DistanceMultiplier","type":"Slider","value":"1"},{"idx":"FigureESP_Color","type":"ColorPicker","transparency":0,"value":"ffffff"},{"idx":"ThirdpersonKey","type":"KeyPicker","key":"V","mode":"Toggle"},{"idx":"AmbienceColor","type":"ColorPicker","transparency":0,"value":"ffffff"},{"idx":"NoclipKeybind","type":"KeyPicker","key":"N","mode":"Toggle"},{"idx":"AnchorESP_Color","type":"ColorPicker","transparency":0,"value":"ff00ff"},{"idx":"PredictionTime","type":"Slider","value":"1.5"},{"idx":"RangeBoost","type":"Slider","value":"1"},{"idx":"Fly Speed","type":"Slider","value":"50"},{"idx":"MenuToggleKey","type":"KeyPicker","key":"Backquote","mode":"Toggle"},{"idx":"EyestalkESP_Color","type":"ColorPicker","transparency":0,"value":"ffffff"},{"idx":"FOV","type":"Slider","value":"70"},{"idx":"GiggleESP_Color","type":"ColorPicker","transparency":0,"value":"ffffff"},{"idx":"ChestESP_Color","type":"ColorPicker","transparency":0,"value":"00ff00"},{"idx":"NotifyEntitiesDropdown","type":"Dropdown","mutli":true,"value":[]},{"idx":"ClosetESP_Color","type":"ColorPicker","transparency":0,"value":"ff00ff"},{"idx":"FuseESP_Color","type":"ColorPicker","transparency":0,"value":"ffffff"},{"idx":"WalkspeedAmount","type":"Slider","value":"55"}]}